{
    "fm_format": "MM/DD/YYYY hh:mm:ss A",
    "task_fields": {
        "custom_class": "custom_class",
        "dependencies": "dependencies",
        "end": "end",
        "id": "id",
        "name": "name",
        "progress": "progress",
        "start": "start"
    },
    "tasks": [
        {
            "fieldData": {
                "custom_class": "",
                "dependencies": "",
                "end": "06/20/2023",
                "id": "Task 1",
                "name": "Apero",
                "progress": 100,
                "start": "06/20/2023"
            },
            "modId": "133",
            "portalData": {},
            "recordId": "1"
        },
        {
            "fieldData": {
                "custom_class": "",
                "dependencies": "",
                "end": "06/25/2023",
                "id": "Task 3",
                "name": "Konferenz",
                "progress": 40,
                "start": "06/21/2023"
            },
            "modId": "168",
            "portalData": {},
            "recordId": "3"
        },
        {
            "fieldData": {
                "custom_class": "",
                "dependencies": "Task 3",
                "end": "06/25/2023",
                "id": "Task 4",
                "name": "Abreise",
                "progress": 0,
                "start": "06/24/2023"
            },
            "modId": "150",
            "portalData": {},
            "recordId": "4"
        }
    ],
    "time_zone": "Europe/Berlin"
}